Query,Algorithm
Determine if a function is constant or balanced,Deutsch-Jozsa Algorithm
Transmit a qubit state securely,Quantum Teleportation
Find a hidden string using function queries,Bernstein-Vazirani Algorithm
Simulate electron behavior in a material,Quantum Walks
Find period of a function,Shor's Algorithm
Find a hidden string using function queries,Bernstein-Vazirani Algorithm
Factorize 91,Shor's Algorithm
Transmit a qubit state securely,Quantum Teleportation
Find period of a function,Shor's Algorithm
Compress high-dimensional data,Quantum Principal Component Analysis
Find period of a function,Shor's Algorithm
Implement a secure key exchange,Quantum Key Distribution (QKD)
Find eigenvalues of a Hamiltonian,Variational Quantum Eigensolver
Determine if a function is constant or balanced,Deutsch-Jozsa Algorithm
Find the prime factors of 187,Shor's Algorithm
Break RSA encryption,Shor's Algorithm
Find the prime factors of 187,Shor's Algorithm
Factorize 91,Shor's Algorithm
Find period of a function,Shor's Algorithm
Find period of a function,Shor's Algorithm
Simulate molecule interactions,Quantum Monte Carlo Methods
Find period of a function,Shor's Algorithm
Determine if a function is constant or balanced,Deutsch-Jozsa Algorithm
Implement a secure key exchange,Quantum Key Distribution (QKD)
Transmit a qubit state securely,Quantum Teleportation
Find period of a function,Shor's Algorithm
Optimize a complex scheduling problem,Quantum Approximate Optimization Algorithm
Speed up machine learning classification,Quantum Support Vector Machine
Determine a function's period with minimal queries,Simon's Algorithm
Simulate electron behavior in a material,Quantum Walks
Find the shortest path in a complex network,Quantum Walks
Estimate the phase of a quantum state,Quantum Phase Estimation
Speed up machine learning classification,Quantum Support Vector Machine
Find the prime factors of 187,Shor's Algorithm
Break RSA encryption,Shor's Algorithm
Determine if a function is constant or balanced,Deutsch-Jozsa Algorithm
Find the shortest path in a complex network,Quantum Walks
Compress high-dimensional data,Quantum Principal Component Analysis
Decrypt a quantum-encrypted message,BB84 Protocol
Simulate molecule interactions,Quantum Monte Carlo Methods
Find the shortest path in a complex network,Quantum Walks
Break RSA encryption,Shor's Algorithm
Implement a secure key exchange,Quantum Key Distribution (QKD)
Find eigenvalues of a Hamiltonian,Variational Quantum Eigensolver
Find a hidden string using function queries,Bernstein-Vazirani Algorithm
Find period of a function,Shor's Algorithm
Compress high-dimensional data,Quantum Principal Component Analysis
Compress high-dimensional data,Quantum Principal Component Analysis
Decrypt a quantum-encrypted message,BB84 Protocol
Simulate electron behavior in a material,Quantum Walks
Simulate molecule interactions,Quantum Monte Carlo Methods
Determine a function's period with minimal queries,Simon's Algorithm
Simulate electron behavior in a material,Quantum Walks
Optimize a complex scheduling problem,Quantum Approximate Optimization Algorithm
Find eigenvalues of a Hamiltonian,Variational Quantum Eigensolver
Optimize a complex scheduling problem,Quantum Approximate Optimization Algorithm
Find the prime factors of 187,Shor's Algorithm
Compress high-dimensional data,Quantum Principal Component Analysis
Decrypt a quantum-encrypted message,BB84 Protocol
Search for an element in an unsorted list,Grover's Algorithm
Find a hidden string using function queries,Bernstein-Vazirani Algorithm
Optimize a complex scheduling problem,Quantum Approximate Optimization Algorithm
Determine if a function is constant or balanced,Deutsch-Jozsa Algorithm
Transmit a qubit state securely,Quantum Teleportation
Transmit a qubit state securely,Quantum Teleportation
Determine if a function is constant or balanced,Deutsch-Jozsa Algorithm
Determine if a function is constant or balanced,Deutsch-Jozsa Algorithm
Simulate molecule interactions,Quantum Monte Carlo Methods
Find period of a function,Shor's Algorithm
Speed up machine learning classification,Quantum Support Vector Machine
Transmit a qubit state securely,Quantum Teleportation
Simulate electron behavior in a material,Quantum Walks
Transmit a qubit state securely,Quantum Teleportation
Optimize a complex scheduling problem,Quantum Approximate Optimization Algorithm
Search for an element in an unsorted list,Grover's Algorithm
Speed up machine learning classification,Quantum Support Vector Machine
Find the shortest path in a complex network,Quantum Walks
Break RSA encryption,Shor's Algorithm
Decrypt a quantum-encrypted message,BB84 Protocol
Factorize 91,Shor's Algorithm
Find a hidden string using function queries,Bernstein-Vazirani Algorithm
Transmit a qubit state securely,Quantum Teleportation
Optimize portfolio selection,Quantum Approximate Optimization Algorithm
Simulate molecule interactions,Quantum Monte Carlo Methods
Find the prime factors of 187,Shor's Algorithm
Speed up machine learning classification,Quantum Support Vector Machine
Find period of a function,Shor's Algorithm
Implement a secure key exchange,Quantum Key Distribution (QKD)
Factorize 91,Shor's Algorithm
Optimize portfolio selection,Quantum Approximate Optimization Algorithm
Optimize a complex scheduling problem,Quantum Approximate Optimization Algorithm
Transmit a qubit state securely,Quantum Teleportation
Estimate the phase of a quantum state,Quantum Phase Estimation
Break RSA encryption,Shor's Algorithm
Break RSA encryption,Shor's Algorithm
Decrypt a quantum-encrypted message,BB84 Protocol
Find the shortest path in a complex network,Quantum Walks
Find period of a function,Shor's Algorithm
Compress high-dimensional data,Quantum Principal Component Analysis
Determine if a function is constant or balanced,Deutsch-Jozsa Algorithm
Simulate molecule interactions,Quantum Monte Carlo Methods
Find the prime factors of 187,Shor's Algorithm
Determine a function's period with minimal queries,Simon's Algorithm
Break RSA encryption,Shor's Algorithm
Speed up machine learning classification,Quantum Support Vector Machine
Find a hidden string using function queries,Bernstein-Vazirani Algorithm
Estimate the phase of a quantum state,Quantum Phase Estimation
Break RSA encryption,Shor's Algorithm
Find a hidden string using function queries,Bernstein-Vazirani Algorithm
Search for an element in an unsorted list,Grover's Algorithm
Optimize a complex scheduling problem,Quantum Approximate Optimization Algorithm
Find period of a function,Shor's Algorithm
Implement a secure key exchange,Quantum Key Distribution (QKD)
Simulate molecule interactions,Quantum Monte Carlo Methods
Find eigenvalues of a Hamiltonian,Variational Quantum Eigensolver
Factorize 91,Shor's Algorithm
Break RSA encryption,Shor's Algorithm
Determine if a function is constant or balanced,Deutsch-Jozsa Algorithm
Find eigenvalues of a Hamiltonian,Variational Quantum Eigensolver
Optimize a complex scheduling problem,Quantum Approximate Optimization Algorithm
Find eigenvalues of a Hamiltonian,Variational Quantum Eigensolver
Determine a function's period with minimal queries,Simon's Algorithm
Determine if a function is constant or balanced,Deutsch-Jozsa Algorithm
Determine if a function is constant or balanced,Deutsch-Jozsa Algorithm
Estimate the phase of a quantum state,Quantum Phase Estimation
Find period of a function,Shor's Algorithm
Implement a secure key exchange,Quantum Key Distribution (QKD)
Compress high-dimensional data,Quantum Principal Component Analysis
Find a hidden string using function queries,Bernstein-Vazirani Algorithm
Find period of a function,Shor's Algorithm
Find period of a function,Shor's Algorithm
Find the prime factors of 187,Shor's Algorithm
Transmit a qubit state securely,Quantum Teleportation
Optimize portfolio selection,Quantum Approximate Optimization Algorithm
Simulate electron behavior in a material,Quantum Walks
Find the shortest path in a complex network,Quantum Walks
Find period of a function,Shor's Algorithm
Optimize a complex scheduling problem,Quantum Approximate Optimization Algorithm
Factorize 91,Shor's Algorithm
Find the shortest path in a complex network,Quantum Walks
Search for an element in an unsorted list,Grover's Algorithm
Determine if a function is constant or balanced,Deutsch-Jozsa Algorithm
Decrypt a quantum-encrypted message,BB84 Protocol
Factorize 91,Shor's Algorithm
Find the shortest path in a complex network,Quantum Walks
Decrypt a quantum-encrypted message,BB84 Protocol
Find the shortest path in a complex network,Quantum Walks
Determine a function's period with minimal queries,Simon's Algorithm
Transmit a qubit state securely,Quantum Teleportation
Find eigenvalues of a Hamiltonian,Variational Quantum Eigensolver
Find eigenvalues of a Hamiltonian,Variational Quantum Eigensolver
Factorize 91,Shor's Algorithm
Determine if a function is constant or balanced,Deutsch-Jozsa Algorithm
Optimize portfolio selection,Quantum Approximate Optimization Algorithm
Simulate molecule interactions,Quantum Monte Carlo Methods
Implement a secure key exchange,Quantum Key Distribution (QKD)
Simulate electron behavior in a material,Quantum Walks
Transmit a qubit state securely,Quantum Teleportation
Factorize 91,Shor's Algorithm
Factorize 91,Shor's Algorithm
Find eigenvalues of a Hamiltonian,Variational Quantum Eigensolver
Factorize 91,Shor's Algorithm
Speed up machine learning classification,Quantum Support Vector Machine
Decrypt a quantum-encrypted message,BB84 Protocol
Factorize 91,Shor's Algorithm
Determine a function's period with minimal queries,Simon's Algorithm
Find eigenvalues of a Hamiltonian,Variational Quantum Eigensolver
Find the prime factors of 187,Shor's Algorithm
Decrypt a quantum-encrypted message,BB84 Protocol
Optimize a complex scheduling problem,Quantum Approximate Optimization Algorithm
Break RSA encryption,Shor's Algorithm
Implement a secure key exchange,Quantum Key Distribution (QKD)
Find a hidden string using function queries,Bernstein-Vazirani Algorithm
Estimate the phase of a quantum state,Quantum Phase Estimation
Determine if a function is constant or balanced,Deutsch-Jozsa Algorithm
Estimate the phase of a quantum state,Quantum Phase Estimation
Optimize a complex scheduling problem,Quantum Approximate Optimization Algorithm
Estimate the phase of a quantum state,Quantum Phase Estimation
Transmit a qubit state securely,Quantum Teleportation
Decrypt a quantum-encrypted message,BB84 Protocol
Simulate molecule interactions,Quantum Monte Carlo Methods
Find period of a function,Shor's Algorithm
Find the prime factors of 187,Shor's Algorithm
Find period of a function,Shor's Algorithm
Optimize a complex scheduling problem,Quantum Approximate Optimization Algorithm
Find a hidden string using function queries,Bernstein-Vazirani Algorithm
Break RSA encryption,Shor's Algorithm
Compress high-dimensional data,Quantum Principal Component Analysis
Find a hidden string using function queries,Bernstein-Vazirani Algorithm
Find a hidden string using function queries,Bernstein-Vazirani Algorithm
Estimate the phase of a quantum state,Quantum Phase Estimation
Transmit a qubit state securely,Quantum Teleportation
Find a hidden string using function queries,Bernstein-Vazirani Algorithm
Transmit a qubit state securely,Quantum Teleportation
Speed up machine learning classification,Quantum Support Vector Machine
Decrypt a quantum-encrypted message,BB84 Protocol
Compress high-dimensional data,Quantum Principal Component Analysis
Find period of a function,Shor's Algorithm
Find a hidden string using function queries,Bernstein-Vazirani Algorithm
Find the shortest path in a complex network,Quantum Walks
Search for an element in an unsorted list,Grover's Algorithm
Search for an element in an unsorted list,Grover's Algorithm
Find period of a function,Shor's Algorithm
Find eigenvalues of a Hamiltonian,Variational Quantum Eigensolver
Optimize portfolio selection,Quantum Approximate Optimization Algorithm
Find eigenvalues of a Hamiltonian,Variational Quantum Eigensolver
Optimize portfolio selection,Quantum Approximate Optimization Algorithm
Simulate electron behavior in a material,Quantum Walks
Find period of a function,Shor's Algorithm
Simulate molecule interactions,Quantum Monte Carlo Methods
Determine if a function is constant or balanced,Deutsch-Jozsa Algorithm
Compress high-dimensional data,Quantum Principal Component Analysis
Implement a secure key exchange,Quantum Key Distribution (QKD)
Find a hidden string using function queries,Bernstein-Vazirani Algorithm
Simulate molecule interactions,Quantum Monte Carlo Methods
Compress high-dimensional data,Quantum Principal Component Analysis
Determine if a function is constant or balanced,Deutsch-Jozsa Algorithm
Find a hidden string using function queries,Bernstein-Vazirani Algorithm
Find eigenvalues of a Hamiltonian,Variational Quantum Eigensolver
Compress high-dimensional data,Quantum Principal Component Analysis
Optimize a complex scheduling problem,Quantum Approximate Optimization Algorithm
Find the prime factors of 187,Shor's Algorithm
Search for an element in an unsorted list,Grover's Algorithm
Compress high-dimensional data,Quantum Principal Component Analysis
Find period of a function,Shor's Algorithm
Estimate the phase of a quantum state,Quantum Phase Estimation
Implement a secure key exchange,Quantum Key Distribution (QKD)
Find the shortest path in a complex network,Quantum Walks
Speed up machine learning classification,Quantum Support Vector Machine
Find the shortest path in a complex network,Quantum Walks
Optimize portfolio selection,Quantum Approximate Optimization Algorithm
Search for an element in an unsorted list,Grover's Algorithm
Determine if a function is constant or balanced,Deutsch-Jozsa Algorithm
Find a hidden string using function queries,Bernstein-Vazirani Algorithm
Decrypt a quantum-encrypted message,BB84 Protocol
Decrypt a quantum-encrypted message,BB84 Protocol
Break RSA encryption,Shor's Algorithm
Simulate electron behavior in a material,Quantum Walks
Find period of a function,Shor's Algorithm
Compress high-dimensional data,Quantum Principal Component Analysis
Find the prime factors of 187,Shor's Algorithm
Transmit a qubit state securely,Quantum Teleportation
Optimize portfolio selection,Quantum Approximate Optimization Algorithm
Optimize portfolio selection,Quantum Approximate Optimization Algorithm
Determine a function's period with minimal queries,Simon's Algorithm
Factorize 91,Shor's Algorithm
Determine a function's period with minimal queries,Simon's Algorithm
Search for an element in an unsorted list,Grover's Algorithm
Estimate the phase of a quantum state,Quantum Phase Estimation
Determine if a function is constant or balanced,Deutsch-Jozsa Algorithm
Search for an element in an unsorted list,Grover's Algorithm
Optimize portfolio selection,Quantum Approximate Optimization Algorithm
Decrypt a quantum-encrypted message,BB84 Protocol
Estimate the phase of a quantum state,Quantum Phase Estimation
Find eigenvalues of a Hamiltonian,Variational Quantum Eigensolver
Optimize portfolio selection,Quantum Approximate Optimization Algorithm
Simulate electron behavior in a material,Quantum Walks
Optimize portfolio selection,Quantum Approximate Optimization Algorithm
Search for an element in an unsorted list,Grover's Algorithm
Compress high-dimensional data,Quantum Principal Component Analysis
Simulate molecule interactions,Quantum Monte Carlo Methods
Optimize a complex scheduling problem,Quantum Approximate Optimization Algorithm
Determine a function's period with minimal queries,Simon's Algorithm
Find a hidden string using function queries,Bernstein-Vazirani Algorithm
Find eigenvalues of a Hamiltonian,Variational Quantum Eigensolver
Transmit a qubit state securely,Quantum Teleportation
Determine a function's period with minimal queries,Simon's Algorithm
Find period of a function,Shor's Algorithm
Transmit a qubit state securely,Quantum Teleportation
Optimize portfolio selection,Quantum Approximate Optimization Algorithm
Factorize 91,Shor's Algorithm
Search for an element in an unsorted list,Grover's Algorithm
Transmit a qubit state securely,Quantum Teleportation
Simulate molecule interactions,Quantum Monte Carlo Methods
Optimize a complex scheduling problem,Quantum Approximate Optimization Algorithm
Determine if a function is constant or balanced,Deutsch-Jozsa Algorithm
Determine a function's period with minimal queries,Simon's Algorithm
Find a hidden string using function queries,Bernstein-Vazirani Algorithm
Find eigenvalues of a Hamiltonian,Variational Quantum Eigensolver
Find eigenvalues of a Hamiltonian,Variational Quantum Eigensolver
Break RSA encryption,Shor's Algorithm
Factorize 91,Shor's Algorithm
Factorize 91,Shor's Algorithm
Determine a function's period with minimal queries,Simon's Algorithm
Simulate electron behavior in a material,Quantum Walks
Find a hidden string using function queries,Bernstein-Vazirani Algorithm
Implement a secure key exchange,Quantum Key Distribution (QKD)
Optimize a complex scheduling problem,Quantum Approximate Optimization Algorithm
Optimize portfolio selection,Quantum Approximate Optimization Algorithm
Determine if a function is constant or balanced,Deutsch-Jozsa Algorithm
Find period of a function,Shor's Algorithm
Simulate electron behavior in a material,Quantum Walks
Factorize 91,Shor's Algorithm
Transmit a qubit state securely,Quantum Teleportation
Estimate the phase of a quantum state,Quantum Phase Estimation
Optimize portfolio selection,Quantum Approximate Optimization Algorithm
Decrypt a quantum-encrypted message,BB84 Protocol
Decrypt a quantum-encrypted message,BB84 Protocol
Compress high-dimensional data,Quantum Principal Component Analysis
Estimate the phase of a quantum state,Quantum Phase Estimation
